﻿<msg:Envelope xmlns:msg="urn:cz:mfcr:iissp:schemas:Messaging:v1">
    <msg:EnvelopeHeader>
        <cmn:TransactionId xmlns:cmn="urn:cz:mfcr:iissp:schemas:Common:v1">00000000000000004120</cmn:TransactionId>
        <msg:DateTimeCreated>2011-05-12T11:47:18Z</msg:DateTimeCreated>
        <msg:Sender>
            <cmn:IC xmlns:cmn="urn:cz:mfcr:iissp:schemas:Common:v1">00006947</cmn:IC>
            <cmn:SubjectName xmlns:cmn="urn:cz:mfcr:iissp:schemas:Common:v1">Ministerstvo financí</cmn:SubjectName>
            <cmn:Module xmlns:cmn="urn:cz:mfcr:iissp:schemas:Common:v1">RISRE</cmn:Module>
            <cmn:ResponsiblePerson xmlns:cmn="urn:cz:mfcr:iissp:schemas:Common:v1">
                <cmn:PersonName>Kompetencni centrum</cmn:PersonName>
                <cmn:PersonId>KC</cmn:PersonId>
            </cmn:ResponsiblePerson>
        </msg:Sender>
        <msg:Recipient>
            <cmn:IC xmlns:cmn="urn:cz:mfcr:iissp:schemas:Common:v1">00006947</cmn:IC>
            <cmn:SubjectName xmlns:cmn="urn:cz:mfcr:iissp:schemas:Common:v1">Fiktivní EKIS_TEST</cmn:SubjectName>
            <cmn:ResponsiblePerson xmlns:cmn="urn:cz:mfcr:iissp:schemas:Common:v1">
                <cmn:PersonName>Jan Novak</cmn:PersonName>
                <cmn:Email>Jan.Novak@mfcr.cz</cmn:Email>
                <cmn:PersonId>MU0999000035</cmn:PersonId>
            </cmn:ResponsiblePerson>
        </msg:Recipient>
    </msg:EnvelopeHeader>
    <msg:EnvelopeBody>
        <risre:ZpravaRisre xmlns:risre="urn:cz:mfcr:iissp:schemas:Risre:v1">
            <risre:RezervaceZmenaOdpoved>
                <risre:RezervaceAktualizovanaPriznak>true</risre:RezervaceAktualizovanaPriznak>
                <risre:ZpracovaniVysledek>
                    <risre:TypMaximum>I</risre:TypMaximum>
                    <risre:Polozka>
                        <risre:Typ>I</risre:Typ>
                        <risre:ID>ZZPIAPPL|003</risre:ID>
                        <risre:Text>Zpracování dat aktualizace rezervace číslo: 0000001064</risre:Text>
                    </risre:Polozka>
                    <risre:Polozka>
                        <risre:Typ>I</risre:Typ>
                        <risre:ID>PSM_ESOA|007</risre:ID>
                        <risre:Text>Operace úspěšně uzavřena</risre:Text>
                    </risre:Polozka>
                </risre:ZpracovaniVysledek>
            </risre:RezervaceZmenaOdpoved>
        </risre:ZpravaRisre>
    </msg:EnvelopeBody>
</msg:Envelope>
