﻿<msg:Envelope xmlns:msg="urn:cz:mfcr:iissp:schemas:Messaging:v1" xmlns:cmn="urn:cz:mfcr:iissp:schemas:Common:v1" xmlns:risre="urn:cz:mfcr:iissp:schemas:Risre:v1">
    <msg:EnvelopeHeader>
        <cmn:TransactionId>00000000000000000001</cmn:TransactionId>
        <msg:DateTimeCreated>2011-05-01T00:00:00Z</msg:DateTimeCreated>
        <msg:Sender>
            <cmn:IC>00006947</cmn:IC>
            <cmn:SubjectName>Fiktivní EKIS_TEST</cmn:SubjectName>
            <cmn:ResponsiblePerson>
                <cmn:PersonName>Jan Novak</cmn:PersonName>
                <cmn:Email>Jan.Novak@mfcr.cz</cmn:Email>
                <cmn:PersonId>MU0999000035</cmn:PersonId>
            </cmn:ResponsiblePerson>
        </msg:Sender>
        <msg:Recipient>
            <cmn:IC>00006947</cmn:IC>
            <cmn:SubjectName>Ministerstvo financí</cmn:SubjectName>
            <cmn:Module>RISRE</cmn:Module>
        </msg:Recipient>
    </msg:EnvelopeHeader>
    <msg:EnvelopeBody>
        <risre:ZpravaRisre>
            <risre:RezervaceZmena>
                <!-- bude nahrazeno konkrétní hodnotou z odesílajícího systému -->
                <risre:RezervaceCislo>0000001065</risre:RezervaceCislo>
                <!-- bude nahrazeno konkrétní hodnotou z odesílajícího systému -->
                <risre:RezervaceUzavreniPriznak>true</risre:RezervaceUzavreniPriznak>
                <!-- bude nahrazeno konkrétní hodnotou z odesílajícího systému -->
                <risre:Popis>Uzavření celé rezervace</risre:Popis>
            </risre:RezervaceZmena>
        </risre:ZpravaRisre>
    </msg:EnvelopeBody>
</msg:Envelope>