<?xml version="1.0" encoding="UTF-8"?>
<DataRozpoctoveOpatreniZalozeni DavkaID="ID0001" xmlns="urn:cz:mfcr:iissp:schemas:RisrePortalAplikace:v1" xmlns:xsi="http://www.w3.org/2001/XMLSchema-instance">
  <RozpoctoveOpatreniZalozeniSeznam>
    <Polozka Cislo="1">
      <risre:RozpoctoveOpatreni xmlns:risre="urn:cz:mfcr:iissp:schemas:Risre:v1">
        <risre:Kapitola>303</risre:Kapitola>
        <risre:Rok>2012</risre:Rok>
        <risre:DokladPuvodniCislo>12345</risre:DokladPuvodniCislo>
        <risre:DokladPuvodniDatum>2012-01-01</risre:DokladPuvodniDatum>
        <risre:OperaceTyp>1</risre:OperaceTyp>
        <risre:PracovnikOrganizacniSlozkaStatu>Jan Novák</risre:PracovnikOrganizacniSlozkaStatu>
        <risre:DokladText>Příklad souboru pro import Rozpočtového opatření 1</risre:DokladText>
        <risre:Polozka>
          <risre:Cislo>1</risre:Cislo>
          <risre:Castka menaKod="CZK">60000000</risre:Castka>
          <risre:PolozkaRozpoctova>6121</risre:PolozkaRozpoctova>
          <risre:MistoFinancni>3030001</risre:MistoFinancni>
          <risre:Zdroj>1100000</risre:Zdroj>
          <risre:EdsSmvsAkce>203V011002004</risre:EdsSmvsAkce>
          <risre:Paragraf>611100</risre:Paragraf>
          <risre:RozpocetDruh>RZ</risre:RozpocetDruh>
          <risre:StrukturaPrijmovaVydajova>5010010011</risre:StrukturaPrijmovaVydajova>
          <risre:Text>Položka 1</risre:Text>
        </risre:Polozka>
      </risre:RozpoctoveOpatreni>
    </Polozka>
    <Polozka Cislo="2">
      <risre:RozpoctoveOpatreni xmlns:risre="urn:cz:mfcr:iissp:schemas:Risre:v1">
        <risre:Kapitola>303</risre:Kapitola>
        <risre:Rok>2012</risre:Rok>
        <risre:DokladPuvodniCislo>12346</risre:DokladPuvodniCislo>
        <risre:DokladPuvodniDatum>2012-01-01</risre:DokladPuvodniDatum>
        <risre:OperaceTyp>1</risre:OperaceTyp>
        <risre:PracovnikOrganizacniSlozkaStatu>Jan Novák</risre:PracovnikOrganizacniSlozkaStatu>
        <risre:DokladText>Příklad souboru pro import Rozpočtového opatření 2</risre:DokladText>
        <risre:Polozka>
          <risre:Cislo>1</risre:Cislo>
          <risre:Castka menaKod="CZK">60000000</risre:Castka>
          <risre:PolozkaRozpoctova>6121</risre:PolozkaRozpoctova>
          <risre:MistoFinancni>3030001</risre:MistoFinancni>
          <risre:Zdroj>1100000</risre:Zdroj>
          <risre:EdsSmvsAkce>203V011002004</risre:EdsSmvsAkce>
          <risre:Paragraf>611100</risre:Paragraf>
          <risre:RozpocetDruh>RZ</risre:RozpocetDruh>
          <risre:StrukturaPrijmovaVydajova>5010010011</risre:StrukturaPrijmovaVydajova>
          <risre:Text>Položka 1</risre:Text>
        </risre:Polozka>
      </risre:RozpoctoveOpatreni>
    </Polozka>
    <Polozka Cislo="3">
      <risre:RozpoctoveOpatreni xmlns:risre="urn:cz:mfcr:iissp:schemas:Risre:v1">
        <risre:Kapitola>303</risre:Kapitola>
        <risre:Rok>2012</risre:Rok>
        <risre:DokladPuvodniCislo>12347</risre:DokladPuvodniCislo>
        <risre:DokladPuvodniDatum>2012-01-01</risre:DokladPuvodniDatum>
        <risre:OperaceTyp>1</risre:OperaceTyp>
        <risre:PracovnikOrganizacniSlozkaStatu>Jan Novák</risre:PracovnikOrganizacniSlozkaStatu>
        <risre:DokladText>Příklad souboru pro import Rozpočtového opatření 3</risre:DokladText>
        <risre:Polozka>
          <risre:Cislo>1</risre:Cislo>
          <risre:Castka menaKod="CZK">60000000</risre:Castka>
          <risre:PolozkaRozpoctova>6121</risre:PolozkaRozpoctova>
          <risre:MistoFinancni>3030001</risre:MistoFinancni>
          <risre:Zdroj>1100000</risre:Zdroj>
          <risre:EdsSmvsAkce>203V011002004</risre:EdsSmvsAkce>
          <risre:Paragraf>611100</risre:Paragraf>
          <risre:RozpocetDruh>RZ</risre:RozpocetDruh>
          <risre:StrukturaPrijmovaVydajova>5010010011</risre:StrukturaPrijmovaVydajova>
          <risre:Text>Položka 1</risre:Text>
        </risre:Polozka>
      </risre:RozpoctoveOpatreni>
    </Polozka>
  </RozpoctoveOpatreniZalozeniSeznam>
</DataRozpoctoveOpatreniZalozeni>